"SoilWater.Eo","SoilWater.Eos","SoilWater.Flow(1)","SoilWater.Flow(2)","SoilWater.Flow(3)","SoilWater.Flow(4)","SoilWater.Flow(5)","SoilWater.Flow(6)","SoilWater.Flow(7)","SoilWater.Flow(8)","SoilWater.Flow(9)","SoilWater.FlowNO3(1)","SoilWater.FlowNO3(2)","SoilWater.FlowNO3(3)","SoilWater.FlowNO3(4)","SoilWater.FlowNO3(5)","SoilWater.FlowNO3(6)","SoilWater.FlowNO3(7)","SoilWater.FlowNO3(8)","SoilWater.Flux(1)","SoilWater.Flux(2)","SoilWater.Flux(3)","SoilWater.Runoff","SoilWater.T","SoilWater.WaterTable","Field.Maize.LAI"
4.52101326653638,0.884173095934964,-0.00119343284365336,0.00107117669288789,0.00133827901234988,-0.0103520227182336,0.000961340694550073,0.000233773844390901,-0.0281156103444635,0.00150534173619003,0.0715230295444643,0.168236298809819,0.239455135478323,0.261543148863873,0.21495541565739,0.165045258789984,0.115316471675646,0.0825360730539116,0.0710244097130228,2.63905168813814,2.15961481773174,1.92288966486161,0.17722435187108,0.333745574571886,811.216159762216,6.65809363231457
4.27793870933858,0.8121532288222,-0.000222856320418648,-0.00621851624293658,-0.000333814078266477,0.000920751768067669,0.000876635696720564,0.000163254600956772,-0.0139346694092986,0.00201491589123019,0.0690121345371614,0.123334516219509,0.177139280900788,0.232115141291639,0.254442988829475,0.232416556666215,0.183716060381213,0.136500673121489,0.114370047029246,2.89944732031522,2.17404025577842,1.85633001362954,0.0617425445955598,0.227378223579854,576.936901181902,6.74504163475568
4.68058938469027,0.89563307136508,-0.00741993613090325,-0.0107535682283775,0.00814428937541707,0.00112455836267284,0.00280949793987311,-0.000364376669023963,-0.035238817496166,-0.0349527530655965,0.0468385321316983,0.0549751658060788,0.178515645151323,0.239394170456354,0.227584736255297,0.169688466159632,0.110909188591626,0.0773327402116491,0.0640531625163861,2.71665038548944,2.45847208066395,2.29478208850082,0.435273037403295,0.12971351475433,342.765642806419,6.39768329207033
5.04252041096229,1.03806222176492,0.0164934820471407,-0.00687900639298007,-0.031516716150477,-0.0438911345696095,-0.0182961181691788,-0.0704662874293315,-0.0318349645128723,0.00518261174548563,0.104738040560813,0.127333081110518,0.134609776815413,0.102844079576962,0.0491438356560709,0.0190808808904161,0.0128962330081242,0.00869561111483975,0.00728012329521891,1.83831155903513,1.20082183936066,0.686965998310493,0.252394425736574,0.192371887897394,741.634137784503,6.50460032559237
4.53714201549196,0.92762236285986,-0.00621826969062872,-0.0217418431761379,-0.0176136801168513,-0.0113056201301135,-0.00186276385088632,0.00606068992774327,0.00425007289993025,-0.0613736921956953,0.0593024266973442,0.0743423172579317,0.0470131710559026,0.0183073335140616,0.00342974564833344,0.000218114822898615,-0.000272861304241918,0.000205141867517304,0.00586443833329842,0.730281935678788,0.321406789574827,0.0936821622036295,0.00447103075613285,0.100096649600699,781.120959719334,6.34139377661
4.85232744729091,1.4666683678918,0.0135538822118851,0.00350100177345497,0.000560072086618201,0.0036271683757112,0.00338959766239604,-0.00312430840194375,0.00111285720516442,-0.0101708204592746,0.121451306003312,-0.000528617347034161,-0.000807301208410499,-7.00746897680213e-05,0.000650898974665542,0.00636220305493101,0.0186019644935534,0.0362636724991583,0.0669457742991764,0.010431846933285,0,0,0,4.76248313392092,615.111311543835,3.07817829018304
5.14481119169776,1.18238438989579,-0.0308089266842277,-0.0411081050153145,-0.00798545771206369,-0.000418406877720624,0.00310976706481423,0.0235823835583116,-0.0174355748422702,-0.0847031510452802,-0.0299203003560466,0.411386803578768,0.444448809410456,0.188312461895436,0.0538165288188344,0.0134768885321233,0.000338852594505763,0.00193064197302133,0.00888366835873621,1.24457898291242,0.705465201077593,0.44251154874393,0.0471261240644936,0.183037501349583,0,4.9474469320848
5.82295491882564,3.52563566902879,0.00697763147505402,0.000459666173523184,-0.0179353293798536,-0.00497319362962636,-0.00246344911478785,-0.00145675288828864,-0.000978606554685037,-0.000648434858860732,-0.000331102528394601,0.025808968192404,-4.11130533113935e-05,0.0267203790986203,0.0039426041365226,0.000947479533321117,0.000195363512026634,0.000116439836400593,0.000115522107242337,0.0214043151428832,0,0,0,15.2662257877107,0,0.945561301349553
4.24554631367263,0.86822983020614,-0.0124837227655535,-0.0447811939167305,-0.0866019269038363,-0.00296050640496354,0.000897557905912003,0.00214007569540937,0.00615579294339497,0.0201084523489436,0.166500969458471,0.12504526315817,0.0668080522795353,0.00950850946172179,0.000386150332287624,-2.03914287056548e-05,-9.41257656496451e-05,-0.00019564084785237,-0.000174207477105394,1.79604139933784,0.713711400669254,0.00665033533436632,0.115929137745093,0.00017721427922541,468.949315843452,5.80249358047484
4.6429767297666,1.01110079661656,0.0157734742371624,0.0014367065571208,0.00318191786742725,0.044267960100243,0.00425719304630393,-0.0466512085516209,-0.00546891305790121,-0.039158755549153,0,0.00581977723541349,0.0208767133833981,0.0312010562652255,0.0331166735774142,0.0332449412309968,0.0346601183902341,0.0413850643767704,0.0532424858485836,0.324094586437813,0.341063770012645,0.345445696978309,0,0.297381123560117,777.770172087368,5.18616603255067
4.4623047830597,0.918147206787759,-6.09620275823671e-05,-0.000817602676422163,0.00152372367620766,0.00068107349303888,-0.00111267119879929,-0.0280382330009674,-0.00914213099680021,-0.000326308145324227,0.0214008484075993,0.173519632791454,0.249196268321159,0.260604749630791,0.213944741522774,0.14764301448994,0.104548192564714,0.0903365247596231,0.0886685539961856,3.08085218664109,2.73579544189521,2.422922312166,0.134500180234144,0.000200050016965448,1310.1315927321,6.62602862155311
4.41237003956263,0.931437961216094,0.0104763349082215,0.000413340753382841,0.0129319464415363,0.00073488169298277,-0.00332174834765672,0,0,0,0,0.155745348423591,0.330274947866189,0.400719140382326,0.320291794786129,0.219208189881433,0.166323014109455,0.131673338107058,0.127983003296596,4.24842777411797,3.84852623687762,3.47595396839524,0.276737917803353,0.000607132845214908,1563.42927414047,5.80643219009975
5.28375633279628,2.08140984050227,0.0639243801460557,-0.0289330524098178,-0.00664173409925749,-0.018888422210161,-0.000359975865958176,-0.0337984880756123,-0.113160962397277,-0.034202810819465,-0.00118694816587628,0.229703380481325,0.289617578859347,0.353612556494766,0.368603788040376,0.325446624118618,0.258838633364666,0.0984334319462519,0.00529523987535245,1.08456290514993,0.636101470413872,0.525286467396485,0.0543680807678323,0.914687200302061,0,2.203048496029
4.99704560586947,1.56051508335321,0.00227245456512035,-0.0141984179992324,-0.020413396419349,-0.0129146287151333,-0.00188655485510407,-0.00493615997710617,-0.0404550816350431,-0.0111823829358009,0.000660966870500257,0.408753663866943,0.289327381660841,0.127106764239652,0.0312529088926247,0.00666411373337462,0.0020204467282255,0.00542906168844014,0.00199193903554826,1.64560642918662,0.72253283845121,0.251314585202964,0.230744189126195,0.509938332842175,0,2.83888487309701
4.77049460635504,1.16156429811626,0.024919585767264,0.0071678919444116,0.00566389559318489,0,0,0,0,0,0,0.432976835245212,0.559607891299936,0.519327869313642,0.292144035714933,0.170963232482378,0.125707186593996,0.0972925520474476,0.0825754822514084,4.58071914038657,3.65568200736944,3.04926016249839,0.752797218006226,0.0470942488055349,1561.61259078917,5.12796823758283
4.77050677617249,1.1613082426287,0.0249146555362419,0.00716661109290623,0.00556233226831058,0,0,0,0,0,0,0.441381525521484,0.57030114734511,0.523564888624054,0.290911509073193,0.169677152899041,0.12509966111756,0.0972346837772718,0.0827485001460024,4.58047302180322,3.65523722539396,3.04854240170878,0.753227139376151,0.0470792505337199,1561.62818046961,5.12193577921743
6.37260940202661,3.36591481443232,0.055794690096582,0.0340357485379747,-0.0473773966510384,-0.0445920523652591,-0.0067937469854677,-0.00117429127393947,-0.000130239044738948,-0.000362438346561486,-0.000153631394179351,-0.103412574362849,-0.047345401289267,0.0657149071232131,0.0383890328556763,0.00206111937235807,0.000148268128975374,6.92914054082551e-06,5.71397696556993e-05,0,0.00131103971468497,0,0,8.5659706536695,0,1.28654898445391
5.80324903043639,3.23218743313909,0.0161425610591541,0.0437214351727459,-0.00788889647352569,-0.028596870964158,-0.003252582494276,-0.00159031488006782,-0.00159031488006842,-0.00119281306744346,-0.000651518829135443,-0.0419104277336021,-0.123064420818857,0.0200549113149417,0.0580530338618173,0.00142029532098915,0.000258698474063855,0.000128431229120227,0.000507121298469332,0,0,0,0,9.9741676677816,0,1.12886099730899
4.46608126152659,1.33158022876226,0.00709391820504964,0.0163660167202249,0.00122064408276807,0.000187500113661423,-0.000264520749391705,-0.00833449907464706,-0.000427853212238505,-0.000182721199368943,0.00957835013311852,0.556625606701599,0.827489063196964,0.567211982005907,0.285268590348161,0.151432560447441,0.104753835548513,0.0888925804276806,0.0785233386040086,2.41747315588572,2.2421230296322,2.0770353944591,0.0884443526274663,0.115970629630522,1545.21351017656,3.10105142879153
6.05807199868577,1.69903185903453,0.0077671158748087,0.0268996773227979,0.00312049759156706,-0.010295143453265,-0.0185128368464518,-0.00971042493614566,-0.00296876408923854,-0.000390329199244213,0.00060129615557368,0.00512384373478686,-0.00695120664841164,-0.000450793497427006,0.00188216768883017,0.00154713934865834,0.000495406307693095,0.000212460721962853,3.39903157063561e-05,0.0457020663138193,0,0,0,7.78961941222981,0,4.40871862999691
5.22490803307549,0.976240391344695,0.000213835049889634,0.00367896306737292,0.0063825424464079,-0.00542455403809921,-0.00812951464199519,-0.0257507003178032,-0.000343253335229832,0.000987031619861565,0.0490412353267149,0.0723660481098424,0.109845414755357,0.0869247439659488,0.0429585394179745,0.00964852054387054,0.0101718601957315,0.03166697713522,0.0562858116332312,2.29380425220634,1.49081391526076,0.797213459782641,0.0488926461540597,0.168327496279066,898.385943839453,5.51016444619553
6.57847269488245,1.72126507819389,-0.0144054251712589,0.00887998570246981,0.0463961603122282,0.0109403352282485,-0.0403976564428873,0.00461472611225217,0.0439807955987061,0.0207687426272772,0.0698303747832204,0.0181212335562379,-0.0016132026860064,-0.00393111318101868,-0.000762876180376314,0.00305546624606555,-0.000300031263324039,-0.00329207647854286,-0.00082402042806092,0,0,0,0,3.22057856727449,899.485060581519,4.85745967210522
5.34124221483505,1.10603875959453,-0.0311879487514696,-0.0276042186473971,-0.0032258795641515,0.00255291670825723,0.00462921957067209,0.00607091917864718,-0.0420402960995524,0.0123542641864559,0.166631449160657,0.10045413633199,0.0284225528143723,0.000664088182710385,-0.000297582319412473,-0.000393960814400136,-0.000451750796107001,0.00288765900341869,-0.000478953042045626,0.965372920447043,0.191312723269835,0,0.160007720271112,0.216989809600365,547.644037060343,6.31267446802457
4.84178551961145,0.966788319307718,-0.0492235504790967,-0.131680722271763,-0.0351412771711496,0.00777855695047594,0.0147318164555958,0.0175627329958778,-0.0157166500930422,0.0475220659067703,0.166077062548804,0.255508567861983,0.0761585440782163,0.00354153035844211,-0.000552177556423715,-0.0009704958437592,-0.00108559469682631,0.000981649444253891,-0.00208470775606876,1.81610840416332,0.463184792507116,0,0.114701002575857,0.000590888189670079,508.676224243728,7.59140663818537
4.82966299431712,1.00039241169391,-0.0178061193671987,-0.0209247022961511,-0.0185539310643177,0.00103946606967468,0.00561854864624251,0.00837729133296621,-0.015442436920536,0.0120941014466917,0.146992896852569,0.206571031498126,0.0953896621773202,0.0145675779266633,-5.91372426868217e-05,-0.00043798138134392,-0.000586106538759136,0.00109748910883827,-0.000443161645589661,1.4203690036099,0.544630072894864,0.0537355260657787,0.248753499022599,0.819091649612412,625.887730638834,6.50016315502408
5.24382361732884,1.0446165553137,-0.125046735373947,-0.0817737589013042,0.0244844229905279,0.00726161600377951,-0.015782769728408,-0.050243568259312,-0.0372593038473926,0.0175440633935336,0.163124373734533,0.161292316584271,0.0289380201106081,-0.00274626700080554,-0.000513812841840036,0.00115245805757984,0.0028401561915704,0.0018632876088633,-0.000623391066720986,1.65572615742001,0.274367275127783,0,0.188648683572471,0.134822806269353,547.587734817271,7.42930616656671
5.01463617743111,1.00652031437132,0.0004130261152932,-0.0525991628997774,-0.0480768035583468,0.00783782104863811,0.00874120308710414,0.0120891636169434,0.0113387574712323,0.0169583657944585,0.100757065544739,0.159986088835543,0.0712756260272511,0.0123677001116753,-0.000287574910551439,-0.000288713813368414,-0.000367580985048152,-0.000339446292462309,-0.000462056837822817,2.02951583363657,0.925600027958971,0.17779665707845,0.125951597415758,0.022010780252026,586.889307890618,6.84488797011416
5.82657956002573,1.59697435765504,-0.00224961094474088,-0.0314558481409784,-0.0185922984342803,0.0292685625701841,0.00525473614581467,-0.0213401182815655,0.00527325163509321,0.0601441531320548,0.216119892890347,0.136866113978969,0.0196017782896784,0.00730548544800195,0.0015812083876265,0.029693140123672,0.0606853824309328,0.0898494452878694,0.104451967266483,0.784656840065547,0.063652181896667,0,0.00808363249189744,8.02491924833948,735.501493716272,3.90193199965581
4.94734630087699,1.01807073257117,-0.0229602298610803,0.0432375223431442,0.0358152701902344,0.0159744038915313,-0.00407308013910942,0.0335073987895487,0.0204460960487357,0,0,0.107170722317214,-0.00436046424612653,0.00590039749089622,0.0186316518185922,0.0122498987195265,0.0113602090420476,0.0111222695222058,0.0129705854437511,0.714172423285977,0.00942449703289532,0.0395882070441098,0.107512335172645,3.64247452704808,1070.69531628332,5.9034087424486
5.15282406013252,1.11287585334471,-0.0155059876317038,-0.0431858717394789,-0.0358360057662473,-0.0236631852345814,0.00124965279113655,0.00281852470838614,-0.0267411456069276,0.0127023832467413,0.151042628741565,0.171266983279487,0.0624054001828188,0.00346155794390297,0.00322527499164361,-6.86718538783811e-05,-0.000127544185293396,0.00309596131738552,0.00446157643750181,1.97002127274703,0.614565163328475,0.00156799125976622,0.376611373361798,0.30887686427395,585.00361546827,5.69073773128877
5.5805833783364,1.18308010848243,-0.0741164010079857,-0.131358738102376,0.000622323984476876,0.0352442652284232,0.158959632287037,0.0230490750398597,0.0114849034823545,0.0121491165077196,0.0593183373957909,0.116975162405472,0.0208589985372513,-0.000126387136942658,-0.00455551160084585,-0.0125620488923681,-0.00130677549160531,0.000317135925799313,0.00239138701027767,0.962372050953251,0.0300608524240923,0,0.0330591564558198,0.501731961042836,701.962822574829,6.34406006191881
5.33390998362292,1.11751602702406,-0.0233807404462103,-0.1324514894436,-0.0344998834368284,0.0366495771088778,0.167095846518118,0.0267303855105335,0.00973911009823435,0.00987514817270583,0.0607587383440428,0.114577962227006,0.0517359613547766,0.00633872405627539,-0.0036658013608735,-0.00963254535234288,-0.00128462110942298,-0.00028427251293257,0.00036171933341156,0.907866212754926,0.192979844428848,0,0.0144619715863437,0.803690049123253,820.805971570589,6.20848935062136
4.81777868397649,1.03239475825612,-0.0210846992082659,0.00667690067764225,0.00307477174257683,0.00451287612364469,0.00701421141469648,-0.0120005628776052,0.00911235473878014,0.0193011684993854,0.176816776085075,0.0277584182563932,-0.00085890986178964,-0.000239084477592808,-0.000326614269201506,-0.000494064339206214,0.00085175847520173,-0.000659473589591557,-0.00133110157369356,0.0957970066638814,0,0,0,6.60577909542814,586.956171924284,5.35158699747033
4.81815378905385,1.040791171962,-0.0207828781600281,0.00669855692118988,0.00308169313599738,0.00451685144453337,0.00702230014920141,-0.0119904714612532,0.00911460122010894,0.0193034711405585,0.176843872321743,0.0293361968875592,-0.000864666072232997,-0.000251247790374963,-0.000344228938979399,-0.000517757647162891,0.000890918328079495,-0.000682810920898001,-0.00138276663880612,0.0945050039142094,0,0,0,6.794544596931,586.956202499653,5.34223979946608
4.88443084884292,1.87057954859751,0.0337759673220785,-0.00835364037396687,-0.0202248889225314,0.0274438739539699,-0.0277621817351982,-0.0635536082122654,-0.00954234069608504,-0.0200354935035008,0,0.552039590448105,0.522840289353475,0.21979612705941,0.0443359942306571,0.0076834217553109,0.00940800788747749,0.00785199738833189,0.0116787792253657,1.61762332440231,0.971327494332495,0.504830873484473,0.11055058974303,0.868311142991237,859.475457279045,2.74569095121149
4.76735732774837,1.08777805903005,-0.0749598752240642,-0.0835308176864669,0.0302766977965346,-0.00154020112304642,-0.080592556262629,-0.00481946801120527,0.00148449371997459,-0.0395648502342755,0.0431737658605689,0.132712134357396,0.0281784481154527,-0.00241287504154356,0.000144019402565995,0.00322319051742575,0.000198457987348819,0.000165823259512778,0.00309293033922255,0.943607888840087,0.110996982300472,0,0.036340866295769,0.144866327618215,860.310288737302,5.42836053403285
5.46627786789897,1.84043254742484,0.0175891181900936,0.000215762628937023,-0.0189015894424008,-0.00457208349507067,-0.00240049196449605,-0.000469993322347342,0.000753426711659371,0.00113846335640628,0.000813577005994085,-0.00942339761374957,-0.000110416146538129,0.0100488309975503,0.00275956709452573,0.000875062209249404,4.62910855831579e-05,-0.000115676733669294,-0.000227576894175454,0,0,0,0,31.0452800374929,0,3.55139857254853
5.84963165079593,0.766683573011367,0.00128959157323864,-0.001636471737855,-0.00407297433796464,-0.00417176154910532,-0.00200351974386475,-1.35844680732513e-05,-5.77460975947926e-05,0.00217375660863341,0.0859757000952035,0.0331522058672794,0.0394298683711021,0.0383476321345457,0.0298077708123298,0.0228833527434585,0.0399768424877488,0.0703300422620626,0.163432336510297,1.58686839029941,0.92455011629887,0.496938197532573,0.00331926501476759,0.029789049686207,583.338839436829,3.95449699777858
4.59955023113221,1.03688660452134,0.000935702945187802,0.00183740494893473,-0.000648025848737766,0.0040632225888705,-0.000609684616961787,0.000439458277696963,0.00243587225953137,0.00589999609243058,0.0050454687847666,0.853233001551446,1.16297206157505,0.932544239664371,0.571069532721923,0.22161695449054,0.0820587668230323,0.0336879898009638,0.0189247774471796,3.83308835290754,3.00476387884945,2.21370039419447,0.195227427445144,0.182579484702958,1363.72313777261,5.13389158013504
4.81423541211711,1.46051279136409,0.00187117948580854,-0.00214490887952841,0.0145291932538548,-0.00683046365048426,-0.00456385451634065,-0.0347398109183484,-0.00145589582608505,0.00238280255389965,0.0701180709310292,0.9998823698281,1.08641119523676,0.850951003722046,0.371361873004211,0.110022138287112,0.0406091193866543,0.0197861921559874,0.0165341493844635,3.05082327587745,2.1137182503286,1.40173045775326,0.280603262071742,0.129686641155062,976.464885250898,3.2538031616596
5.86812546163335,1.21191513778618,-0.0231713750971424,-0.000531313192538515,0.00216415860321514,0.00264158789128488,0.00356366225178665,0.00613565790544865,-0.0153197802911783,0.0145124835394431,0.178792207922511,0.0140158579710037,4.12636264888484e-05,-0.00048074453996156,-0.000385773096970187,-0.000349222076826273,-0.000488220130434076,0.00126940220875326,0.000969382145928409,0.0815955053512786,0,0,0,0.813842865215305,586.101497516417,5.52408195996234
5.40137229450328,1.09359836942705,-0.109002277410931,0.0179238702108242,0.0329585929173812,0.00673315215527793,-0.0199295482110381,-0.04952811799809,-0.0360657672188305,0.0192519379387613,0.178782754460315,0.0424160780872374,-0.00247277512121798,-0.00311324518872457,-0.000496586578923227,0.00161109856351799,0.00327167225874216,0.00233432014739912,0.00130462317650705,0.210261166686411,0,0,0,1.77821153132355,546.484445934312,6.70270449906085
4.92725714040438,1.03763839079865,-0.0522927803431435,-0.0365885884787195,0.000377120597075891,0.0151461945044029,0.00813081271969323,0.00959527002170661,0.0104072452657161,0.0160987969510905,0.0969851016026319,0.0575658792035115,0.00510768383784677,9.65824008874473e-05,-0.00103825616778514,-0.000358185983977822,-0.000315051869755726,-0.000260248919753172,-0.000176264031361139,0.605776802739619,0.00418738092823083,0,0.000232034337240915,0.00061088920854907,664.542735629315,5.94318741126217
4.77665211335388,1.0556167179424,0.020853126205661,0.0434787752753584,0.023693724491425,0.0113797706323201,1.83473393450426e-05,0.0119958331308031,0,0,0,0.0871951220638916,0.155799863770203,0.0953175313470145,0.0435604673605869,0.0227474347651454,0.0181894419990175,0.013364743295464,0.0068523676988088,0.633019020660474,1.01502016861227,1.13160540416276,0,0.0380332341623946,786.151043968364,5.12260297899064
4.79920098491231,1.10050698919762,0.0592557285412121,-0.00241388437049239,0.00863303197512769,-0.0390208005610474,-0.00568520230379652,-0.0121316350440625,-0.0664633546431271,-0.00165411797735447,0.0468988058748255,0.0826006874955405,0.102982522666389,0.11126594479302,0.0952153371464409,0.078668409653886,0.0521478303614072,0.0339349810164861,0.0278377785439663,2.11938841433078,1.61055759442121,1.25238621220848,0.0784731086178202,0.0106803795977762,854.207171279049,4.96196304108132
4.28029092354587,0.875711527874124,-0.0043767913143632,-0.016318527708184,-0.00271152749226062,-0.00592332537336102,-0.0215517410149625,-0.0410445409913002,-0.00106623071937976,0.0155797162425483,0.149509215854095,0.120025948463776,0.115055782243257,0.086917015757841,0.0497990220629381,0.0193848630128025,0.00633741806743519,0.00138034721927178,0.000998356469108973,1.83379300548516,1.15818722933503,0.7645428851656,0.0496039483583638,0.00070055036693444,507.799776691015,6.57134402612876
4.28039727614238,0.876237193171232,-0.0043663213397164,-0.016316112387412,-0.0027137395995572,-0.00592475454806702,-0.0215584455470514,-0.0410400364604795,-0.00106061672557534,0.0155797627115048,0.149470627861145,0.119439463241068,0.114694877590659,0.0866747046811893,0.0496529432461661,0.0193143912479129,0.00630952729948488,0.00137010851428193,0.000989950938077255,1.83355148023022,1.15806355084231,0.764406997462266,0.0496807340737338,0.000704557723271017,507.801482958645,6.56358727829145
4.28039727614238,0.876237193171232,-0.0043663213397164,-0.016316112387412,-0.0027137395995572,-0.00592475454806702,-0.0215584455470514,-0.0410400364604795,-0.00106061672557534,0.0155797627115048,0.149470627861145,0.119439463241068,0.114694877590659,0.0866747046811893,0.0496529432461661,0.0193143912479129,0.00630952729948488,0.00137010851428193,0.000989950938077255,1.83355148023022,1.15806355084231,0.764406997462266,0.0496807340737338,0.000704557723271017,507.801482958645,6.56358727829145
4.7714741368771,0.989554842042279,0.00241102901512776,0.00306558355089771,0.00380695208578569,0.0173571924311591,-0.00062107173304071,-0.0152671248475219,-0.000928453914242818,0,0,0.0189817178081792,0.0929700126505023,0.129892081323928,0.127186890166281,0.0951657489387631,0.0676589888746226,0.0531668243009175,0.0418307962338763,2.91319178635684,2.44412821238351,2.07960950965102,0.265004437028385,0.00731003817050553,1364.20561156086,4.58178495213344
4.90281056408322,1.88111987485473,0.0237984810095058,-0.000934683676314992,0.0271722817686421,0.00144390501753185,-0.0275209339348802,-0.0010561782442523,-0.000283960276127828,-0.00167468435086627,0,0.134976666978646,0.233104734167592,0.296911021839547,0.270343097876707,0.199862607657583,0.147914837495995,0.0972799756553124,0.0652342824433899,1.56225907931808,1.33142162475222,1.20594862563271,0.084463781059536,0.528920440721925,1554.24669631946,2.58894851000017
5.25212006613386,0.765680684735435,-0.0016172966669376,-0.00297640043915372,0.0142451832964324,-0.0025299850665476,-0.00204782675839449,-0.0016519447308965,-0.0210657226741118,0.000394703626774401,0.0443585737309098,0.0399472918521536,0.0791562845913201,0.101480508089168,0.0805792016754923,0.0642970022959008,0.0610760235787034,0.110417580667285,0.221292103829887,2.4566294986437,1.78366365579944,1.28871376480208,0.254154598676055,0.00375573200738915,777.815579560994,4.48953408458364
4.93230377067584,0.951097278551256,0.000505228242416015,-0.0101373673589037,-0.0117261234205083,-0.00383342814633812,0.000299851049646075,0.000665377032785531,-0.0277159187894412,0.000383214776716938,0.0625433918790714,0.347688674796376,0.439024046183126,0.318548918408593,0.196955956307823,0.105595788511477,0.0571990183939305,0.0356224773228686,0.0277363224464345,3.20968386772722,2.43151736848719,1.75108649976348,0.213506963621615,0.0563695072197107,1288.03459188044,7.51977261068652
5.37665877042368,1.06138460850268,-0.00249371699745681,-0.00848476157722105,-0.0085459175896509,-0.00715967945114564,-0.00439927992713452,-0.00921899554986245,-0.0210043870502759,0.00813695292329425,0.13823171873522,0.493757736549273,0.478336202705969,0.279925046433577,0.123486428271936,0.0397988005260041,0.0051355063818489,0.00232481238715333,8.72606797901279e-05,2.82058189406731,1.91518608487863,1.22313093867822,0.263204891817843,0.113485236105134,821.527501977532,7.067674478241
5.10119799695919,0.991743340395774,-0.0335688282405704,0.0189783653724847,0.0275652840001082,-0.0264312210401961,-0.0670884754981901,-0.0606150565691992,-0.0396380377059989,0.0101132805835923,0.141329208076728,0.573313785064705,0.38905002567726,0.117912540811569,0.0220818323986605,0.003704558859306,0.00285092656261474,0.00182796808597543,-0.000507167424602404,2.19262501281924,1.38382040358403,0.798671194638593,0.119411330584524,0.0764438614407541,704.633719241176,7.32375654252201
4.98259419175423,1.02716175329662,-0.00445505149113875,-0.00434573811886803,0.00657490279201938,-0.0330891494658156,-0.162194277793212,-0.0375192560682927,0.00193788182422923,0.0116453112401899,0.142010439419392,0.600791243927454,0.402187994593192,0.143100629780721,0.0340560143326171,0.00999205826013206,0.00196554361809286,-0.00011396377836272,-0.000670937434843076,1.84142122631779,1.23116516121931,0.757304392882734,0.0383742100294577,0.0183363028242467,704.51797580581,6.46078739419584
4.99409585914858,1.08209065337561,0.00481624042525986,0.0506453465739684,0.0279956899515024,0.0112277013484141,-0.00184950097158477,0.0214933892980951,0.0227948790439371,0,0,0.0386014578264819,0.0539047888046461,0.0468895088586086,0.0225680528024684,0.0131726926382638,0.0133823431182789,0.0135572038978464,0.0109779887424246,0.297382866438075,0.317438116489316,0.568311991927956,0.00560822174630581,1.79714034516065,986.276173947701,5.17694574988548
5.03399318250153,1.1343472292262,0.0459578645007542,-0.0149197557259014,0.0173020234692112,-0.0144544075030424,0.00161067755948398,-0.00110877623229097,-0.0612236281102769,0.000239252406963473,0.0868883282635486,0.0266785927796432,0.0163470795752496,0.0315562702671458,0.0472052120446003,0.0533756153718597,0.0461132979886478,0.0387983535116982,0.0374778004934186,0.444064708467612,0.102996126346672,0.172977822520203,0.0136308927012207,0.241371055433925,774.725774113314,4.96976621439802
5.7577068963529,1.34958768648324,-0.0365943467835779,0.0149433210283579,0.107230979071253,0.0131637070788789,-0.0628422471246374,0.0171617044061091,0.0110270964853752,0.0125416837614204,0.0110909500108444,0.350520380042753,0.0214273713273873,-0.00804942129119111,-0.000917820351391779,0.00433372776807035,-0.000988508911790911,-0.000407403343973092,-0.000196536107668182,0.354461879795169,0.0275675656733855,0,0.00783029106548244,1.97351242653261,1251.62585715282,4.93948469726351
5.7577068963529,1.34958768648324,-0.0365943467835779,0.0149433210283579,0.107230979071253,0.0131637070788789,-0.0628422471246374,0.0171617044061091,0.0110270964853752,0.0125416837614204,0.0110909500108444,0.350520380042753,0.0214273713273873,-0.00804942129119111,-0.000917820351391779,0.00433372776807035,-0.000988508911790911,-0.000407403343973092,-0.000196536107668182,0.354461879795169,0.0275675656733855,0,0.00783029106548244,1.97351242653261,1251.62585715282,4.93948469726351
4.49267494369226,0.945018284665669,-0.0405114862131362,-0.0378328529983447,-0.0385100074770994,7.52189596213406e-05,0.00488956621549597,-0.0139348846410282,0.00953151325700888,0.0153465629274714,0.121967605729081,0.212486360518211,0.131406232118038,0.0271905992476883,7.95452133174622e-05,-0.000251142387821841,0.000707056803460352,-0.000422558009436231,-0.000677887998142151,2.28881109712331,1.08426409837486,0.270109467589787,0.270484902661044,0.233276964352782,586.911374401175,6.31580438517552
4.96313218622153,1.02973540929506,-0.0606524254249466,-0.0345150517898276,-0.00772963687779163,0.00274858766217521,0.00301908494558972,-0.0178874902032009,0.00666851393386594,0.0216338279853725,0.168406850927454,0.119913880563752,0.0462244085682485,0.0011307334735336,-0.000175382571538406,-0.000144630455740819,0.000797580713602592,-0.000277970676541487,-0.000838277402685302,1.12181736322308,0.324510712533499,0,0.15909245704614,0.190836756390462,547.679214941916,5.72218451648158
5.08202771091543,0.979818274355984,-0.0235528136525568,-0.0252622481550219,-0.0130381416072643,0.00386350149361486,0.00829759945672655,0.0119569251735264,0.0108295848462609,0.0148166152633773,0.0633024014891516,0.091402750477154,0.0570881477163467,0.00383958865326337,-0.000146316045946387,-0.000288111228549083,-0.000417746909791259,-0.000415381738483788,-0.000591142104667564,0.937041966194611,0.349422822583022,0.0229772446085149,0,0.118678950099653,626.061424391393,6.7197125877993
5.7577098943031,1.19598555753304,-0.000429248565731636,-0.00111863525255617,0.0610864090784222,-0.00572668063069935,0.00191884169943704,-0.000596892516314548,-0.0521508489327533,0.00116163004511855,0.0659618466321591,0.0426931816856377,0.157727337278022,0.366888528433825,0.461588786788311,0.434531899937065,0.278647502310379,0.149366977541389,0.0981250055332242,3.14633478815504,2.6995808711633,2.41417931564806,0.102632794700468,0.00590689187679519,691.410114378639,4.82182604044754
4.94878448208077,0.816766026170642,-0.037122212743932,-0.0437546375836358,0.00560799055916744,0.0444014537668439,0.00560510041526969,-0.0430297568575899,-0.0039721267448627,-0.0187618521065554,0,0.00835065810059477,0.0581916277530021,0.106856853849656,0.123584528251142,0.108885929987992,0.090095363978084,0.0828750288841502,0.0774391639548924,1.30188317019175,1.0376275104073,1.14372595167647,0.00310370931874348,0.0226617659901955,932.811258487804,4.50088142465058
4.98260445027772,1.11320830057227,-0.0457056599009971,-0.0183607625024681,0.0415636457545435,0.00545567546833062,-0.0559344755085333,-0.00258703948743765,-0.00104624015510763,-0.0367969819015684,0.0319988104115335,0.0575290420973875,0.0994047841044861,0.145645856891842,0.136362131445545,0.0986102260856582,0.0703532198700266,0.0491546001217912,0.0412471206380697,0.86530975309271,0.701237170724473,0.820040583104448,0.0242041589325218,0.143529403499305,893.296718878544,5.04660577204749
5.85840125225819,0.858705461845754,0.000366914469309347,-0.000739270894718714,-0.000859102721883519,-0.001212396699508,-0.00169210337091591,-0.00154263815238496,-0.00198403027614807,0.000127300151159195,0.0557667448878713,0.0449441476381328,0.108613869129883,0.16518544246535,0.167542875735787,0.133326555068515,0.0855344292354801,0.0434678030648484,0.0274398526598189,2.62183507415673,1.92619876317271,1.35678431276691,0.0238841411108898,0,625.810395582701,5.06361795900155
5.5644742474779,1.35420410082136,-0.0151019362806614,-0.0147292751922373,0.0360698863197395,-0.00620036422335272,-0.0513286350826309,0.00478492530808249,0.0509534445871445,0.0273142170599459,0.154309980463631,0.644389609682196,0.389128662968789,0.0754574346408988,0.0011246402102854,0.00379521084919755,-0.000427925010412018,-0.00494131609124113,-0.00183946203746465,1.37079122030822,0.645217133142567,0.179018407850087,0.0923871479970825,5.14217412875966,625.629776687657,5.20913466045668
5.19233859563471,1.03735087732702,-0.0120369281346706,-0.0044964738066445,0.000120920111861313,0.00153678796010994,0.00175126148909527,0.000725233753915208,-0.0186116054755073,0.0114312795228635,0.157393317008401,0.0222203655443922,0.017305277629597,0.0232266823507175,0.0313541989724484,0.0320530086265654,0.0257664962014847,0.0238698679265132,0.0200430372370408,0.284578487656632,0.0907574922085548,0.0915748495142702,0,0.086440697928085,701.039224978678,6.19311509180953
5.53190521516264,1.12434492940069,0.00188974788072738,0.0164785210236707,-0.00817064978296721,0.00198423322134274,-0.0312450848904245,-0.0139442734329259,-0.000135215136270981,0.0142451300095481,0.132499052536562,0.0696222214758208,0.10497965251436,0.0888524443711394,0.0553997034897413,0.0268288623107415,0.0117426151343024,0.00520996411421962,0.00383785640397546,1.00888702600439,0.779583322818758,0.575905872003466,0,0.0368477500023679,701.159168244597,6.39287890165343
5.47100642250227,1.15429687842183,-0.0469787833375654,0.000584549355202009,0.0521980500607806,0.00687863922821974,-0.0408250122256999,-0.00263494159486943,-0.0329854497548505,0.0107791083931526,0.154349478781336,0.0261558561462288,0.0161550353039488,0.025439378932554,0.0260730610403053,0.0167822436825396,0.00853848026777798,0.00813134102134312,0.0083412209491968,0.141194684503735,0.0479108330388449,0.0937348964542362,0,0.111668493598941,777.616134404637,6.77211443743783
4.97310295191452,1.18433608178167,0.0147248683163494,0.0492567956559282,0.0277591025580102,0.0127485685086881,-0.00144103352910558,0.0135152277308613,0,0,0,0.0471359197745596,0.067643631594971,0.0489977851099634,0.0245071898366872,0.0153939679710763,0.0145351754141893,0.0135319429376521,0.00697989955034252,0.231952888006206,0.434494587220371,0.656613375946433,0,0.763067999883971,916.367436632141,4.57471553021781
4.64686099343673,1.01723640426157,-0.0120812729992618,-0.00714858873083526,-0.00499822677668579,0.0003132205040324,-3.50927007535981e-05,-0.000877921195480536,-0.00670548568688489,0.00575893801087605,0.115521758331922,0.081403861031054,0.106415213344086,0.148779972972697,0.160691262563595,0.139544799926793,0.101574362393759,0.0701026838703368,0.052048347502204,1.53608006912935,0.991149404122745,0.882721331321949,0.0234796355019375,0.00626524903321059,886.847174566908,5.38616799400161
5.2775123139151,1.18631667937715,-0.0635398281063541,0.0366510245455626,0.128508014353872,-0.00910259170530614,-0.107692285838635,-0.0104819721987565,-0.00751461613913625,0.0348595993438361,0.148693145412551,0.158975616400525,0.0955470800199385,0.0354572311401952,0.00317851758160969,0.00713974324651122,0.000514173255886616,0.000884044945116947,0.00131238544986246,0.982734603570167,0.48624866941389,0.241074329719061,0.00953835113538531,0.408109369274245,622.490804554042,5.63442162279397
5.34070101101447,1.23550846913853,-0.014599962151583,-0.022357388164346,0.00618027339714381,0.0260781240779813,0.157890410583857,0.0157425528596828,0.00889208647451476,0.0127977260788284,0.0612835978800039,0.010007235800055,0.0145176093487927,0.0193099368757882,0.0140946947225733,-0.00088808744789974,0.00281573360150838,0.00328981387427648,0.00459360493280791,0.0717102345274455,0.0282970853562742,0.0530682409330782,0,0.865967117745462,778.800123727778,5.39244827007286
5.44989552734515,1.25354972713737,-0.0629789470742009,-0.000492713387444583,0.0073886251937148,0.00552648199274717,0.00290694692933417,-0.0236412968528077,0.00925672514399819,0.0217701250677599,0.14814453166258,0.0628379949302577,0.015582515759851,0.0363646653606579,0.0416685445513616,0.0316851014314332,0.0217661784694762,0.017392796273358,0.0183617017776353,0.776148067911938,0.0724103625697721,0.160230501741132,0.106864129116328,0.460313782409186,770.214758686024,5.26321133112234
4.7588716331932,1.07883357613611,-0.0747475242117254,-0.0174587068997304,0.00300934274981368,0.00324765227814059,0.00164159682806312,-0.0204607551260826,0.0038350717012065,0.0184328820512727,0.175387130560115,0.0955898351345822,0.00278321398426947,-0.000457991446405809,-0.000350664957053742,0.00111633166835674,0.00443911351169026,0.00381011678539477,0.00437141089949619,0.691599531506983,0,0,0.00582308794926272,0.0850448858412211,622.455287227487,5.15512599546432
4.77639032117377,1.01102765347748,-0.0624041483332061,-0.0122803466901298,0.00312238934698339,0.00342973171878964,0.00300357713965,0.00158011175996366,-0.0173014596465742,0.0163435974211001,0.171766402826719,0.0653789239981351,0.00186644298681337,-0.000156121787791547,0.00388538468249372,0.00780342619372825,0.00790699600777447,0.00824289744572902,0.00629040677311362,0.453650214197444,0,0.000757597960211706,0,0.283031292598956,661.394513722404,5.91385404168507
4.77639039758583,1.0110276590168,-0.0624041757906353,-0.01228029879902,0.0031223905592377,0.00342973447045117,0.00300357683558243,0.00158011488365602,-0.0173014652278207,0.0163436046584221,0.171766446942545,0.0653788075493968,0.00186643599463029,-0.000156128869311959,0.00388536820497996,0.00780340531285653,0.00790698245118605,0.00824289225370411,0.00629040256984289,0.453649735294595,0,0.000757578222178492,0,0.283031201095986,661.394516808835,5.91385124987001
5.41917206456648,1.20539102943547,-0.0123656056781283,0.00500577706436115,0.0214145905428724,0.00566885259480753,0.00449260835666518,0.00461545493292883,0.00750422077861174,0.0134068630416387,0.0586302951661402,0.00799852153303624,0.00360869006269667,0.0163536389200123,0.0248540074674706,0.0191120124116582,0.0130392847680347,0.0126481155672431,0.0166581877630775,0.0502381540592529,0.0114175708723348,0.0562114011427271,0,0.700811063047698,764.776044163432,6.00866478624198
5.16345398999448,1.10580088822498,8.58591671230828e-05,-0.00168058622382996,0.0943568500780222,-0.00644889123743321,-0.0196640103573695,-0.00170028908629343,-0.0670285362612839,0.00498218527230433,0.0942005856571972,0.375859628496052,0.422826072406603,0.356010956431029,0.0743611399659969,0.00881716546038259,0.000125388562075431,0.00148074720055481,0.000123925268168282,2.4096217098529,1.55515860975641,1.02539943133624,0.0798714096212954,2.55470374155377,546.807871628478,5.38720834443138
5.03578130474337,1.09919513438664,0.00215136496930876,-0.0386015769817487,-0.0220862146773604,0.0230063469611949,-0.00297509293953576,-0.0505007533484297,-0.00680486085062237,-0.0225062855248901,0,0.0685017548406577,0.128370332214385,0.11900169325115,0.0801664037934472,0.043966021502684,0.0232902836866683,0.0117121332133461,0.00760555828265037,2.44061466807768,1.53016371871402,0.918529962468954,0.0709271166690313,0.00524861110718552,937.589496081879,4.85922174205227
4.89515531925107,1.11856085581634,-0.00529883111331923,-0.0275286099117671,-0.00887920952081374,-0.000889159802503642,-0.000966008772536592,-0.0529296470081493,-0.00169326743083889,0.000761030921930145,0.0478590110364038,0.154231355135912,0.0987128695668882,0.0819280161271036,0.0730852859450054,0.0482436081532239,0.0271704621002307,0.0219088758738138,0.0200209385114711,1.39976493473845,0.538828603829016,0.243140322732778,0.0101832016528454,0.163895500198487,780.993159226279,5.10683746290345
